subreddit,post_id,title,selftext,score,upvote_ratio,num_comments,created_utc,author,author_flair,link_flair,url,is_self,date
worldnews,1l7x61i,"Zelenskyy: US diverting 20,000 missiles promised for Ukraine to the Middle East",,5320,0.96,225,2025-06-10 12:14:27+00:00,bobsyourfuncle,,Russia/Ukraine,https://reddit.com/r/worldnews/comments/1l7x61i/zelenskyy_us_diverting_20000_missiles_promised/,False,2025-06-10
worldnews,1l6f198,"Zelenskyy: US has sent 20,000 missiles bound for Ukraine to Middle East instead",,31502,0.95,976,2025-06-08 15:35:32+00:00,Aggravating_Money992,,Russia/Ukraine,https://reddit.com/r/worldnews/comments/1l6f198/zelenskyy_us_has_sent_20000_missiles_bound_for/,False,2025-06-08
worldnews,1klpikl,US strikes $600bn deal with Saudi Arabia as Donald Trump's Middle East tour begins,,688,0.9,173,2025-05-13 15:54:39+00:00,dstenersen,,,https://reddit.com/r/worldnews/comments/1klpikl/us_strikes_600bn_deal_with_saudi_arabia_as_donald/,False,2025-05-13
worldnews,1kfusld,"Netanyahu dragging US into 'disaster' in Middle East, says Iran",,604,0.84,147,2025-05-06 03:19:28+00:00,Saltedline,,Israel/Palestine,https://reddit.com/r/worldnews/comments/1kfusld/netanyahu_dragging_us_into_disaster_in_middle/,False,2025-05-06
worldnews,1k9ver3,We cover international news at Foreign Policy. Ask us anything about Trump’s second-term approach to the world so far.,"Hi, r/worldnews, We’re Lili Pike, a staff writer at Foreign Policy magazine covering China from Washington, D.C., and John Haltiwanger, a staff writer at the magazine covering the Middle East and the Russia-Ukraine war from New York City. 

On April 30, the second Trump administration will reach the 100-day mark. So far, we’ve covered Trump 2.0 on Middle East policy (including Iran negotiations, the war in Gaza, and strikes on the Houthis), U.S.-China relations, trade policy and tariffs, and negotiations over the Russia-Ukraine war, among other topics. Ask us anything about these issues—and Trump’s foreign policy generally—on Monday, April 28. We’ll be answering live from 12 p.m. to 2 p.m. ET.

For more: John co-writes Foreign Policy’s free weekly Situation Report newsletter, covering national security, defense, and cybersecurity. A link to [sign up is here]( 

PROOF: [",50,0.77,43,2025-04-28 13:22:04+00:00,foreignpolicymag,:verified: Foreign Policy ,AMA concluded,https://reddit.com/r/worldnews/comments/1k9ver3/we_cover_international_news_at_foreign_policy_ask/,True,2025-04-28
worldnews,1l7qil0,"Iran and Russia sign deal for eight nuclear plants, Including Bushehr | The Jerusalem Post",,103,0.88,17,2025-06-10 05:10:33+00:00,St_Gregory_Nazianzus,,Russia/Ukraine,https://reddit.com/r/worldnews/comments/1l7qil0/iran_and_russia_sign_deal_for_eight_nuclear/,False,2025-06-10
worldnews,1l5txxx,"Iran claims it stole thousands of Israeli intel. materials, including nuclear documents",,336,0.88,29,2025-06-07 20:08:51+00:00,OrokAkinfenwa,,Israel/Palestine,https://reddit.com/r/worldnews/comments/1l5txxx/iran_claims_it_stole_thousands_of_israeli_intel/,False,2025-06-07
worldnews,1l4uzix,U.N. Nuclear Watchdog Has ‘Serious Concern’ About Iran’s Rapidly Growing Uranium Stockpile,,329,0.93,67,2025-06-06 15:16:17+00:00,pamelafalkcbs,,,https://reddit.com/r/worldnews/comments/1l4uzix/un_nuclear_watchdog_has_serious_concern_about/,False,2025-06-06
worldnews,1l4dlio,"Putin Ready To ‘Help Resolve’ Iran Nuclear Stand-Off, Kremlin Says",,37,0.67,23,2025-06-05 23:15:03+00:00,Logical_Welder3467,,Russia/Ukraine,https://reddit.com/r/worldnews/comments/1l4dlio/putin_ready_to_help_resolve_iran_nuclear_standoff/,False,2025-06-05
worldnews,1l3aa8v,Iran's supreme leader criticizes US proposal in nuclear talks but doesn't reject the idea of a deal,,35,0.82,12,2025-06-04 16:38:16+00:00,Human-Entrepreneur77,,,https://reddit.com/r/worldnews/comments/1l3aa8v/irans_supreme_leader_criticizes_us_proposal_in/,False,2025-06-04
worldnews,1l2ld3e,U.N. Nuclear Watchdog Has ‘Serious Concern’ About Iran’s Rapidly Growing Uranium Stockpile |,,142,0.93,8,2025-06-03 19:46:43+00:00,Prudent_Woodpecker48,,,https://reddit.com/r/worldnews/comments/1l2ld3e/un_nuclear_watchdog_has_serious_concern_about/,False,2025-06-03
worldnews,1l2k827,Iran demands sanctions relief guarantee in nuclear talks with US,,26,0.69,16,2025-06-03 18:59:13+00:00,1-randomonium,,,https://reddit.com/r/worldnews/comments/1l2k827/iran_demands_sanctions_relief_guarantee_in/,False,2025-06-03
worldnews,1l1pdh8,U.S. nuclear deal offer allows Iran to enrich uranium,,3070,0.96,323,2025-06-02 18:18:03+00:00,hadronwulf,,,https://reddit.com/r/worldnews/comments/1l1pdh8/us_nuclear_deal_offer_allows_iran_to_enrich/,False,2025-06-02
worldnews,1l1e1na,Iran Reviews US Nuclear Deal Offer Amid Rising Tensions,,48,0.86,4,2025-06-02 09:58:29+00:00,doopityWoop22,,,https://reddit.com/r/worldnews/comments/1l1e1na/iran_reviews_us_nuclear_deal_offer_amid_rising/,False,2025-06-02
worldnews,1l14clf,UN nuclear watchdog: Iran conducted secret nuclear activity with undeclared material,,667,0.92,38,2025-06-02 00:26:03+00:00,AntifaPr1deWorldWide,,,https://reddit.com/r/worldnews/comments/1l14clf/un_nuclear_watchdog_iran_conducted_secret_nuclear/,False,2025-06-02
worldnews,1l0fs7g,IAEA confidential report: Iran has enough highly enriched uranium for roughly 10 nuclear weapons,,499,0.93,115,2025-06-01 04:00:35+00:00,RollSafer,,,https://reddit.com/r/worldnews/comments/1l0fs7g/iaea_confidential_report_iran_has_enough_highly/,False,2025-06-01
worldnews,1l0a6tm,US sends Iran nuclear deal proposal after UN watchdog report,,95,0.9,15,2025-05-31 23:04:50+00:00,Gyro_Armadillo,,,https://reddit.com/r/worldnews/comments/1l0a6tm/us_sends_iran_nuclear_deal_proposal_after_un/,False,2025-05-31
worldnews,1l05f46,Damning IAEA report spells out past secret nuclear activities in Iran,,157,0.91,15,2025-05-31 19:29:38+00:00,doopityWoop22,,,https://reddit.com/r/worldnews/comments/1l05f46/damning_iaea_report_spells_out_past_secret/,False,2025-05-31
worldnews,1kyzqb0,Saudi warns Iran to reach nuclear deal with Trump or risk Israeli strike,,115,0.86,16,2025-05-30 09:18:42+00:00,Consistent-Bat-20,,Israel/Palestine,https://reddit.com/r/worldnews/comments/1kyzqb0/saudi_warns_iran_to_reach_nuclear_deal_with_trump/,False,2025-05-30
worldnews,1kyz139,"US-Iran Nuclear Talks Stall, Raising Risk Of Escalation And Sanctions",,17,0.65,5,2025-05-30 08:29:24+00:00,zahrashahbar177,,,https://reddit.com/r/worldnews/comments/1kyz139/usiran_nuclear_talks_stall_raising_risk_of/,False,2025-05-30
worldnews,1ky7807,"US-Iran latest nuclear talks end with limited progress, as Tehran sources express skepticism",,29,0.77,2,2025-05-29 10:18:52+00:00,Iluvaic,,,https://reddit.com/r/worldnews/comments/1ky7807/usiran_latest_nuclear_talks_end_with_limited/,False,2025-05-29
worldnews,1ky3bkh,Both Sides Report Some Progress In Fifth Round Of Talks On Iran's Nuclear Program,,12,0.66,0,2025-05-29 05:58:51+00:00,zahrashahbar177,,,https://reddit.com/r/worldnews/comments/1ky3bkh/both_sides_report_some_progress_in_fifth_round_of/,False,2025-05-29
worldnews,1kvq1lx,Iran rejects temporary halt on uranium enrichment to secure US nuclear deal,,115,0.91,17,2025-05-26 09:18:53+00:00,Positive_Owl_2024,,,https://reddit.com/r/worldnews/comments/1kvq1lx/iran_rejects_temporary_halt_on_uranium_enrichment/,False,2025-05-26
worldnews,1kubo0u,"Iran, US see hope for progress after US nuclear talks",,35,0.7,17,2025-05-24 13:30:40+00:00,Doug24,,,https://reddit.com/r/worldnews/comments/1kubo0u/iran_us_see_hope_for_progress_after_us_nuclear/,False,2025-05-24
worldnews,1kte4jn,"Iran doesn’t believe a nuclear deal is likely, sources say, as talks with US set to resume",,42,0.81,9,2025-05-23 08:05:53+00:00,perplexed-redditor,,,https://reddit.com/r/worldnews/comments/1kte4jn/iran_doesnt_believe_a_nuclear_deal_is_likely/,False,2025-05-23
worldnews,1kswsbh,Israel reportedly plans to attack Iranian nuclear sites; Iran say it will see the US as „participants“ in the case of an israeli attack,,637,0.91,221,2025-05-22 17:35:54+00:00,Distinct_Cup_1598,,Israel/Palestine,https://reddit.com/r/worldnews/comments/1kswsbh/israel_reportedly_plans_to_attack_iranian_nuclear/,False,2025-05-22
worldnews,1ksbwmj,Israel preparing to strike Iran fast if Trump's nuclear talks break down,,1445,0.95,282,2025-05-21 23:06:31+00:00,DifusDofus,,Israel/Palestine,https://reddit.com/r/worldnews/comments/1ksbwmj/israel_preparing_to_strike_iran_fast_if_trumps/,False,2025-05-21
worldnews,1kntkat,"Emerging nuclear agreement between US and Iran seems ""problematic"" for Israel, Israeli officials say",,161,0.86,38,2025-05-16 05:51:30+00:00,Party_Judgment5780,,Israel/Palestine,https://reddit.com/r/worldnews/comments/1kntkat/emerging_nuclear_agreement_between_us_and_iran/,False,2025-05-16
worldnews,1kn50lo,Trump says US close to a nuclear deal with Iran,,25,0.62,70,2025-05-15 10:39:27+00:00,Party_Judgment5780,,,https://reddit.com/r/worldnews/comments/1kn50lo/trump_says_us_close_to_a_nuclear_deal_with_iran/,False,2025-05-15
worldnews,1kms9zx,Trump appeals for Qatar's help in persuading Iran to give up its nuclear program,,43,0.77,26,2025-05-14 22:19:28+00:00,perplexed-redditor,,,https://reddit.com/r/worldnews/comments/1kms9zx/trump_appeals_for_qatars_help_in_persuading_iran/,False,2025-05-14
worldnews,1kly0mz,"Iran, Europeans to hold nuclear talks on Friday in Istanbul",,37,0.79,2,2025-05-13 21:29:24+00:00,Party_Judgment5780,,,https://reddit.com/r/worldnews/comments/1kly0mz/iran_europeans_to_hold_nuclear_talks_on_friday_in/,False,2025-05-13
worldnews,1kkvnh0,"Trump after the latest nuclear talks with Iran: ""Very good things happening, they are acting rationally.""",,55,0.78,33,2025-05-12 15:38:56+00:00,Party_Judgment5780,,,https://reddit.com/r/worldnews/comments/1kkvnh0/trump_after_the_latest_nuclear_talks_with_iran/,False,2025-05-12
worldnews,1kk41zb,Iran calls latest nuclear talks with US ‘difficult’ but both sides agree negotiations will continue | CNN,,84,0.89,9,2025-05-11 15:47:21+00:00,Iluvaic,,,https://reddit.com/r/worldnews/comments/1kk41zb/iran_calls_latest_nuclear_talks_with_us_difficult/,False,2025-05-11
worldnews,1kk1mjl,"Iran and the US conclude ""encouraging"" round of nuclear negotiations",,147,0.89,28,2025-05-11 13:57:43+00:00,Party_Judgment5780,,,https://reddit.com/r/worldnews/comments/1kk1mjl/iran_and_the_us_conclude_encouraging_round_of/,False,2025-05-11
worldnews,1kjzcxx,"Iran Will Not Back Down From Nuclear Rights, Foreign Minister Says",,284,0.9,59,2025-05-11 11:58:52+00:00,hard2resist,,,https://reddit.com/r/worldnews/comments/1kjzcxx/iran_will_not_back_down_from_nuclear_rights/,False,2025-05-11
worldnews,1kj7adt,Iran Says Next Round of US Nuclear Talks Scheduled for Sunday,,36,0.81,1,2025-05-10 10:38:16+00:00,Party_Judgment5780,,Behind Soft Paywall,https://reddit.com/r/worldnews/comments/1kj7adt/iran_says_next_round_of_us_nuclear_talks/,False,2025-05-10
worldnews,1kh2s8l,Iran pressed Houthis into truce with US to build 'momentum' in nuclear talks,,78,0.85,12,2025-05-07 17:12:02+00:00,Party_Judgment5780,,,https://reddit.com/r/worldnews/comments/1kh2s8l/iran_pressed_houthis_into_truce_with_us_to_build/,False,2025-05-07
worldnews,1kh1iwd,"Vance says 'so far, so good' with Iran nuclear talks",,9,0.57,21,2025-05-07 16:21:33+00:00,Party_Judgment5780,,,https://reddit.com/r/worldnews/comments/1kh1iwd/vance_says_so_far_so_good_with_iran_nuclear_talks/,False,2025-05-07
worldnews,1kf6t2l,Iran says its stance toward nuclear talks with U.S. remains constant,,30,0.78,1,2025-05-05 08:48:13+00:00,Party_Judgment5780,,,https://reddit.com/r/worldnews/comments/1kf6t2l/iran_says_its_stance_toward_nuclear_talks_with_us/,False,2025-05-05
worldnews,1kep34s,"Trump on Iran Nuclear Talks: Goal is ""Complete Dismantlement"", but open to hearing about ""Civilian"" nuclear program",,41,0.77,5,2025-05-04 17:19:13+00:00,Party_Judgment5780,,,https://reddit.com/r/worldnews/comments/1kep34s/trump_on_iran_nuclear_talks_goal_is_complete/,False,2025-05-04
worldnews,1kd69oq,Iran Nuclear Talks Postponed Due to Logistical Issue,,39,0.91,6,2025-05-02 17:10:11+00:00,hassan543,,,https://reddit.com/r/worldnews/comments/1kd69oq/iran_nuclear_talks_postponed_due_to_logistical/,False,2025-05-02
worldnews,1kbcg5r,"Iran, UK, France, Germany to hold nuclear talks on Friday",,52,0.85,1,2025-04-30 09:42:16+00:00,Party_Judgment5780,,,https://reddit.com/r/worldnews/comments/1kbcg5r/iran_uk_france_germany_to_hold_nuclear_talks_on/,False,2025-04-30
worldnews,1k9qj0e,UN nuclear watchdog team in Iran for technical talks,,25,0.76,2,2025-04-28 08:24:24+00:00,Party_Judgment5780,,,https://reddit.com/r/worldnews/comments/1k9qj0e/un_nuclear_watchdog_team_in_iran_for_technical/,False,2025-04-28
worldnews,1k8f840,"Iran, Russia agree on 55 bcm of gas supplies, nuclear plant funding",,56,0.87,2,2025-04-26 15:14:01+00:00,Strongbow85,,Russia/Ukraine,https://reddit.com/r/worldnews/comments/1k8f840/iran_russia_agree_on_55_bcm_of_gas_supplies/,False,2025-04-26
worldnews,1k8eoy6,U.S. and Iran conclude third round of nuclear talks and agree to meet again next week,,46,0.83,4,2025-04-26 14:50:10+00:00,Party_Judgment5780,,,https://reddit.com/r/worldnews/comments/1k8eoy6/us_and_iran_conclude_third_round_of_nuclear_talks/,False,2025-04-26
worldnews,1k8bu7l,Iran and the US hold expert talks in Oman over Tehran’s rapidly advancing nuclear program,,31,0.75,4,2025-04-26 12:30:06+00:00,Deedogg11,,,https://reddit.com/r/worldnews/comments/1k8bu7l/iran_and_the_us_hold_expert_talks_in_oman_over/,False,2025-04-26
worldnews,1k7e13n,"France signals readiness for nuclear talks with Iran, after Iranian FM said he was ready to travel to Europe",,47,0.84,0,2025-04-25 06:14:56+00:00,Party_Judgment5780,,,https://reddit.com/r/worldnews/comments/1k7e13n/france_signals_readiness_for_nuclear_talks_with/,False,2025-04-25
worldnews,1k7e0yu,Iran proposes talks with European powers as US nuclear negotiations proceed,,42,0.83,6,2025-04-25 06:14:42+00:00,Party_Judgment5780,,,https://reddit.com/r/worldnews/comments/1k7e0yu/iran_proposes_talks_with_european_powers_as_us/,False,2025-04-25
worldnews,1k69i4p,"Iran agrees to allow in a team to discuss restoring nuclear monitoring, UN watchdog says",,56,0.85,6,2025-04-23 20:29:03+00:00,Party_Judgment5780,,,https://reddit.com/r/worldnews/comments/1k69i4p/iran_agrees_to_allow_in_a_team_to_discuss/,False,2025-04-23
worldnews,1k4ry5e,Iran Offers to Help Trump Revive US Nuclear Sector in Canceled Speech,,193,0.91,13,2025-04-21 23:29:28+00:00,avid-learner-bot,,,https://reddit.com/r/worldnews/comments/1k4ry5e/iran_offers_to_help_trump_revive_us_nuclear/,False,2025-04-21
worldnews,1k47cxm,Israeli officials reportedly concerned Trump may be repeating Obama-era Iran nuclear deal,,185,0.9,19,2025-04-21 07:03:39+00:00,Party_Judgment5780,,Israel/Palestine,https://reddit.com/r/worldnews/comments/1k47cxm/israeli_officials_reportedly_concerned_trump_may/,False,2025-04-21
worldnews,1k4784w,"'Now, even the unlikely is possible', says mediator Oman as US-Iran nuclear talks progress in Rome",,47,0.8,3,2025-04-21 06:54:03+00:00,Party_Judgment5780,,,https://reddit.com/r/worldnews/comments/1k4784w/now_even_the_unlikely_is_possible_says_mediator/,False,2025-04-21
worldnews,1k3jyb9,Iran nuclear talks to enter ‘next phase’ after negotiations in Rome,,25,0.74,2,2025-04-20 10:52:52+00:00,doopityWoop22,,,https://reddit.com/r/worldnews/comments/1k3jyb9/iran_nuclear_talks_to_enter_next_phase_after/,False,2025-04-20
worldnews,1k3gsty,"After Rome talks, Tehran says Iran and US 'to start designing framework' for nuclear deal",,89,0.85,31,2025-04-20 06:59:45+00:00,Party_Judgment5780,,,https://reddit.com/r/worldnews/comments/1k3gsty/after_rome_talks_tehran_says_iran_and_us_to_start/,False,2025-04-20
worldnews,1k36dyx,"U.S. and Iran nuclear talks are making ""very good progress,"" U.S. official says",,71,0.77,47,2025-04-19 21:07:54+00:00,Party_Judgment5780,,,https://reddit.com/r/worldnews/comments/1k36dyx/us_and_iran_nuclear_talks_are_making_very_good/,False,2025-04-19
worldnews,1k2zmua,"Iran says progress in nuclear talks with US, confirms third round next week",,19,0.68,3,2025-04-19 16:03:19+00:00,Party_Judgment5780,,,https://reddit.com/r/worldnews/comments/1k2zmua/iran_says_progress_in_nuclear_talks_with_us/,False,2025-04-19
worldnews,1k2epz2,Iran seeks Russia's support for its nuclear talks with US,,113,0.9,24,2025-04-18 20:25:41+00:00,BreakfastTop6899,,Russia/Ukraine,https://reddit.com/r/worldnews/comments/1k2epz2/iran_seeks_russias_support_for_its_nuclear_talks/,False,2025-04-18
worldnews,1k1wpqr,"Iran 'not far' from nuclear bomb, IAEA chief warns ahead of critical talks",,104,0.85,45,2025-04-18 04:45:32+00:00,-Cohen_Commentary-,,,https://reddit.com/r/worldnews/comments/1k1wpqr/iran_not_far_from_nuclear_bomb_iaea_chief_warns/,False,2025-04-18
worldnews,1k1ag7x,Saudi Defense Minister visits Iran in highest-level trip in decades as nuclear talks proceed,,45,0.88,1,2025-04-17 11:29:12+00:00,Infinite-Delivery-42,,,https://reddit.com/r/worldnews/comments/1k1ag7x/saudi_defense_minister_visits_iran_in/,False,2025-04-17
worldnews,1k1a609,Trump blocked Israeli-proposed joint attack on Iran to pursue nuclear deal,,48,0.79,13,2025-04-17 11:12:05+00:00,Party_Judgment5780,,Israel/Palestine,https://reddit.com/r/worldnews/comments/1k1a609/trump_blocked_israeliproposed_joint_attack_on/,False,2025-04-17
worldnews,1k0uve2,Iran confirms that the 2nd round of nuclear talks with the US will be in Rome,,33,0.94,2,2025-04-16 20:41:05+00:00,Party_Judgment5780,,Behind Soft Paywall,https://reddit.com/r/worldnews/comments/1k0uve2/iran_confirms_that_the_2nd_round_of_nuclear_talks/,False,2025-04-16
worldnews,1k0ugvr,Trump team's Iran divide: Dialogue vs. detonation to end nuclear threat,,26,0.8,12,2025-04-16 20:24:24+00:00,DifusDofus,,,https://reddit.com/r/worldnews/comments/1k0ugvr/trump_teams_iran_divide_dialogue_vs_detonation_to/,False,2025-04-16
worldnews,1k0qthu,"Next round of Iran-US nuclear talks to be held in Rome, diplomatic sources say",,5,0.58,3,2025-04-16 17:54:41+00:00,Legitimate_Seat8928,,,https://reddit.com/r/worldnews/comments/1k0qthu/next_round_of_iranus_nuclear_talks_to_be_held_in/,False,2025-04-16
worldnews,1k0kzzp,Iran 'Not Far' From Nuclear Bomb: IAEA Chief Tells Le Monde,,13,0.7,7,2025-04-16 13:54:24+00:00,ThatchersDirtyTaint,,,https://reddit.com/r/worldnews/comments/1k0kzzp/iran_not_far_from_nuclear_bomb_iaea_chief_tells/,False,2025-04-16
worldnews,1k051cd,Trump envoy demands Iran eliminate nuclear programme in apparent U-turn,,226,0.93,66,2025-04-15 22:31:20+00:00,subarunoaria,,,https://reddit.com/r/worldnews/comments/1k051cd/trump_envoy_demands_iran_eliminate_nuclear/,False,2025-04-15
worldnews,1jzkwmd,Iran gives update on nuclear talks with U.S.,,11,0.63,1,2025-04-15 06:21:23+00:00,OkPicture7,,,https://reddit.com/r/worldnews/comments/1jzkwmd/iran_gives_update_on_nuclear_talks_with_us/,False,2025-04-15
worldnews,1khjg1v,Ukraine considers shift from dollar to euro amid geopolitical realignments,,4188,0.98,92,2025-05-08 06:32:01+00:00,Belegor87,,Russia/Ukraine,https://reddit.com/r/worldnews/comments/1khjg1v/ukraine_considers_shift_from_dollar_to_euro_amid/,False,2025-05-08
worldnews,1kbhctw,Chinese Telescope Puts Chile in Geopolitical Bind With US,,48,0.87,7,2025-04-30 14:04:58+00:00,Crossstoney,,Behind Soft Paywall,https://reddit.com/r/worldnews/comments/1kbhctw/chinese_telescope_puts_chile_in_geopolitical_bind/,False,2025-04-30
geopolitics,1l7xgib,"The New Balance of Power in the Middle East: America, Iran, and the Emerging Arabian Axis",,39,0.85,51,2025-06-10 12:28:54+00:00,ForeignAffairsMag,:verified: Foreign Affairs,Analysis,https://reddit.com/r/geopolitics/comments/1l7xgib/the_new_balance_of_power_in_the_middle_east/,False,2025-06-10
geopolitics,1kss6w9,Can Trump Remake the Middle East? A Conversation With Dana Stroul,,7,0.75,1,2025-05-22 14:31:14+00:00,ForeignAffairsMag,:verified: Foreign Affairs,Analysis,https://reddit.com/r/geopolitics/comments/1kss6w9/can_trump_remake_the_middle_east_a_conversation/,False,2025-05-22
geopolitics,1krz06b,What Trump Got Right in the Middle East,,0,0.48,20,2025-05-21 14:19:15+00:00,theatlantic,:verified: The Atlantic,Opinion,https://reddit.com/r/geopolitics/comments/1krz06b/what_trump_got_right_in_the_middle_east/,False,2025-05-21
geopolitics,1kpjanm,Trump shrugs off Netanyahu on Middle East trip,,115,0.9,41,2025-05-18 12:53:39+00:00,LateralEntry,,News,https://reddit.com/r/geopolitics/comments/1kpjanm/trump_shrugs_off_netanyahu_on_middle_east_trip/,False,2025-05-18
geopolitics,1knji7g,The Middle East Has Entered the AI Group Chat,,14,0.76,8,2025-05-15 21:10:08+00:00,wiredmagazine,:verified: WIRED,News,https://reddit.com/r/geopolitics/comments/1knji7g/the_middle_east_has_entered_the_ai_group_chat/,False,2025-05-15
geopolitics,1klxp3b,Trump tells Middle East to make money not war after arms deal,,90,0.95,27,2025-05-13 21:16:29+00:00,TimesandSundayTimes,:verified:  The Times,News,https://reddit.com/r/geopolitics/comments/1klxp3b/trump_tells_middle_east_to_make_money_not_war/,False,2025-05-13
geopolitics,1kgirq1,Climate Change And Conflicts In The Middle East,,11,0.74,3,2025-05-06 23:17:00+00:00,HooverInstitution,:verified: Hoover Institution,Analysis,https://reddit.com/r/geopolitics/comments/1kgirq1/climate_change_and_conflicts_in_the_middle_east/,False,2025-05-06
geopolitics,1k4gprd,Putin signs law ratifying strategic partnership treaty with Iran,"This signifies Russia's formal alliance with Iran through a ‘strategic partnership agreement’ signed by Putin on April 21, 2025, building on a January 17, 2025, treaty that emphasizes military, economic, and technical cooperation, including a non-aggression clause where neither will aid an aggressor against the other.

Also of note is Russia's decision to remove the Taliban from its terrorist list, a move finalized by the Supreme Court on April 17, 2025, reflecting Moscow's strategic pivot to engage with the Taliban to counter threats like ISIS-K and stabilize Afghanistan, despite global criticism of the Taliban's human rights record. We should understand this as a more formal realignment of Moscow’s Middle East approach.

Despite being in the middle of negotiations with the US, Putin further calls into questions future geopolitical shifts, especially as this alliance may embolden Iran amid U.S. tensions—evidenced by Trump’s “maximum pressure” campaign and Iran’s confirmed purchase of Russian Su-35 jets, potentially escalating regional conflicts involving Israel and the U.S.",30,0.87,2,2025-04-21 15:44:27+00:00,dieyoufool3,Low Quality = Temp Ban,News,https://reddit.com/r/geopolitics/comments/1k4gprd/putin_signs_law_ratifying_strategic_partnership/,False,2025-04-21
geopolitics,1k308r6,"Can you recommend a book similar to ""Ghost Wars"" that highlights U.S. involvement in unique alliances to further there strategic goals?","An example would be the U.S. coordination with communism in WW2 , coordination with extremist groups in the middle east to stop the spread of communism etc.",2,0.56,2,2025-04-19 16:30:22+00:00,Forward_Addendum_539,,Question,https://reddit.com/r/geopolitics/comments/1k308r6/can_you_recommend_a_book_similar_to_ghost_wars/,False,2025-04-19
geopolitics,1l409fd,Trump says Putin could help in Iran nuclear negotiations,,13,0.8,4,2025-06-05 14:14:19+00:00,Dtstno,,,https://reddit.com/r/geopolitics/comments/1l409fd/trump_says_putin_could_help_in_iran_nuclear/,False,2025-06-05
geopolitics,1l1ivw1,"Exclusive: Iran poised to dismiss US nuclear proposal, Iranian diplomat says",,127,0.97,41,2025-06-02 14:04:52+00:00,Dtstno,,News,https://reddit.com/r/geopolitics/comments/1l1ivw1/exclusive_iran_poised_to_dismiss_us_nuclear/,False,2025-06-02
geopolitics,1kh4bkr,U.S.-Iran Nuclear Negotiations: The Enduring Moscow–Tehran Axis • russian desk,,10,0.82,5,2025-05-07 18:12:44+00:00,desk-russie,,,https://reddit.com/r/geopolitics/comments/1kh4bkr/usiran_nuclear_negotiations_the_enduring/,False,2025-05-07
geopolitics,1k1nnb5,"Trump's revolutionary, recycled Iran deal","For all the dramatic flourishes and threats of military action, we're watching a bizarre cycle of destruction and recreation. Trump tore up a functional, if imperfect, agreement that had Iran's nuclear program in check. Iran responded by accelerating toward weapons capability. Now, Trump must negotiate a new deal to solve the very crisis his actions helped create.",81,0.88,20,2025-04-17 21:02:25+00:00,ricosierra,,,https://reddit.com/r/geopolitics/comments/1k1nnb5/trumps_revolutionary_recycled_iran_deal/,False,2025-04-17
iran,1kvjauw,"‘What We Do in the Shadows’ star Kayvan Novak shares a photo of his son and a message of support for Palestine: “If your conscience allows you to stay silent, good for you. Mine does not.”",,447,0.98,15,2025-05-26 02:19:30+00:00,felinebeeline,,,https://reddit.com/r/iran/comments/1kvjauw/what_we_do_in_the_shadows_star_kayvan_novak/,False,2025-05-26
iran,1l35uj6,How Iran blew a once in a millenium chance at greatness in 1514,"The Battle of Chaldiran in 1514

The Iranian Shah, Ismail, didn't like artillery. He and his Qizilbash advisors thought cannons were unmanly and undignified compared to the glory of cavalry combat. The Ottomans LOVED artillery.

The Ottoman army marched deep into Persia and was running pretty low on supplies since Ismail ordered the whole province they were marching through to be devastated scorched-earth style. But Ismail decided to engage the larger Ottoman army head on with his elite cavalry army instead of a more indirect campaign against the Turks who were by now deep into Persian-controlled territory, thinking it (again) unmanly not to meet the enemy in battle. He then refused the advice to attack the Ottoman army quickly before they could get into formation, again thinking it not chivalrous to attack the enemy before they were ready.

The Persians managed to break the Ottoman flank but once the Ottoman cannons started firing on Ismail's cavalry, the horses lost their shit and started running off in random directions, they wouldn't listen to their riders and many of his top guys got killed. The Ottomans won that battle but ran out of supplies not long after and went back to Turkey. Nonetheless, Ismail's army was devastated and Iran's enemies used the period of Persian weakness that followed to their benefit.

Until now, the young Shah had been on a meteoric rise and if he had managed to decisively win the battle of Chaldiran, it's likely that the Anatolian Turcoman tribes would have fully thrown their allegiance behind Ismail Shah and Iran would have taken control of much of Anatolia, perhaps even destroying the Ottoman Empire, and converting most of the Middle East to Shia Islam, both by the sword as well as by the glory of his then-unbroken string of victories in battle, against the odds, which would have looked like divine favor.

So all in all, Iran blew a once in a millenium chance at Eastern Hegemony because of Ismail Shah's misplaced sense of stereotypically Azeri machismo.

Source: Iran Under the Safavids by Roger Savory.",28,0.89,10,2025-06-04 13:40:44+00:00,throwawayiran12925,,,https://reddit.com/r/iran/comments/1l35uj6/how_iran_blew_a_once_in_a_millenium_chance_at/,True,2025-06-04
iran,1k3trdt,visiting iran as a tourist,"hi folks, i'm planning on visiting iran in upcoming months. i can get in for 15 days without a visa (citizen of india). plan is to fly in to tehran, from there go to isfahan, yazd, tomb of cyrus persepolis, shiraz and then come back to tehran, explore the city for a few days and then fly out. I know that places like iranian azerbaijan and khorasan are also important from a historial point of view, but i don't think i'd have the time; maybe next time i'd go to those areas. 

i tried finding info on travel forums but could not find much so i thought i'd ask the kind folks here. i grew up in the middle east so reading the script and basic language is not going to be an issue for me. 

please let me know how i should plan the this trip, what sort of public transport i can use, how much and which currency to bring and what customs i need to be aware of. i am a zoroastrian by faith.",11,0.87,13,2025-04-20 18:57:05+00:00,antisocialdevnani,,,https://reddit.com/r/iran/comments/1k3trdt/visiting_iran_as_a_tourist/,True,2025-04-20
iran,1l4yjb6,IRAN and it's politics,"The most important thing is the denial of these people. USA used nuclear bombs in civilian and now they are fear of Iran! Such a bullshit! 

Iran's leadership told more than a thousand times, that Iranian politics is based on using nuclear power in a peaceful way!",24,0.76,10,2025-06-06 17:39:45+00:00,Imaginary_Pain_5742,,,https://reddit.com/r/iran/comments/1l4yjb6/iran_and_its_politics/,True,2025-06-06
israel,1l7pium,Schrodinger's Hamas - groundbreaking article. waiting for my Nobel prize in physics?,"Groundbreaking evidence recently emerging from the levant has shaken the foundations of quantum physics. It is a widely disseminated rumor that Hamas operates within civilian areas. This is obviously false as Hamas would never endanger the civilians of gaza and operate in clear violation of any and all protocols of warfare.

 Where then do they hide? Well some have considered perhaps they hide in the vast coniferous forests for which gaza is well known, hiding from the prying eyes of the IDF under a thick evergreen canopy. Others have speculated that they camouflage themselves among the rolling dunes of the gazan desert, thousands of kilometers in either direction like a real life Fremen. However, upon further inspection, it seems that Gaza has neither thick woods nor endless deserts. In fact, it seems that Gaza is almost entirely a civilian area in nature. Where then does Hamas hide its (formerly) 40 thousand strong militants? Perhaps they launch their rockets from the depth of the mediterranean? 

No, say contemporary middle east researchers. The only solution which satisfies this conundrum, is that Hamas physically manifests itself in fighting form on the border of Israel, and whenever there's active armed conflict with the IDF, and then immediately collapses back into aethereal wave form functions when disengaged from the zionist entity. Indeed, this is the first time we've seen people acting both as a particle and a wave, much like the famed schrodinger's cat, which both exists and doesn't exist depending on the observer. This may have wide reaching consequences across the field of physics, and researchers are now looking at other islamist groups like Hezbollah and the Houthis to see if they also portray this curious quantum behavior.",56,0.93,12,2025-06-10 04:12:22+00:00,artificer-nine,,The War - Discussion,https://reddit.com/r/Israel/comments/1l7pium/schrodingers_hamas_groundbreaking_article_waiting/,True,2025-06-10
israel,1l64lta,My thoughts on Israel,"The more I learn about Israel, the more I admire the country and its people. It is impressive how they live and prosper even when surrounded by enemies who want to destroy them, as the most developed country in the Middle East. Even though they are hated by half the world, they do not lose their pride in being who they are and defending their country, with an experienced army that gives its life to defend its country and people. They have revived an extinct language in an efficient and functional way, to restore Jewish culture. They are a strong people mentally and militarily, determined to continue existing no matter the circumstances.

I genuinely hope that Israelis and Palestinians find peace with each other as soon as possible, and understand that the existence of one does not delegitimize the other. Peoples so rich in history and culture would be much better united than in conflict. Good night, everyone!",73,0.79,18,2025-06-08 05:28:13+00:00,Antares258,,Culture🇮🇱 &amp; History📚,https://reddit.com/r/Israel/comments/1l64lta/my_thoughts_on_israel/,True,2025-06-08
israel,1kt32lb,“Resistance” Double Standards,"In light of the absurd increase in antisemitism globally and gaslighting claiming to justify violence against us is an injustice to say the least. We cannot settle for less and give into antisemites’ bullshit litmus tests.

We are asked renounce the actions of our own country that no other nation of people is expected to do themselves. 

We are told that we must renounce self-determination to be accepted by society as the “good Jew.”

Russians, Persians, Turks, and Arabs are NEVER asked to renounce their leaderships or country’s actions in order to be “accepted by society.” When was the last time you ever saw a Persian home vandalized because they support Khomeini? 

I’m no supporter of Bibi but if a Jew wants to support him then he should have every right to do so without ramifications whatsoever. And let’s not kid ourselves, Bibi is a saint compared to a significant portion of leaders worldwide, let alone the Middle East. If a Turk can supports Erdogan, an Egyptian can support Sisi, and a Russian can support Putin, then we can support whoever the hell we want within the Israeli political spectrum.

 We witness modern day pogroms in the name of “resistance.”

Really?

How about “resistance” for the land theft, expulsion, and murder of 1 million Mizrahi Jews in Arab country’s? How about the fact we lost 4.5x more land than Israel’s size in the Arab world?

The reason you don’t see Iraqi Jews retaliating against Iraqi Arabs for these crimes because it’s morally WRONG. We experienced countless massacres before the State of Israel was created and you will not catch one of us vandalizing a mosque in the name of resistance.

Plain and simple we are still experiencing Arab supremacy and Islamist attacks because it’s against their very ideology that Jews are seen as equals in a part of the world where we were historically dhimmis.

Unfortunately even in the most Pro-Israel circles we are still seeing many of us fall victim to these bullshit litmus tests. We renounce Bibi in hopes of being accepted by the international community when we will still be hated just as much even if we had the most left-wing prime minister in Israel’s history. It was never about politics. It’s our very existence that fuels their hate. 

EDIT: I’d like to clarify that criticism of the Israeli government in the INTERNAL political context is totally fair. WE have every right to decide who is fit to be the leaders of our country. 

Where we just draw the line is when outsiders try to hold us to double standards in regards to our leadership.",279,0.86,36,2025-05-22 21:51:54+00:00,Moikey_,,Culture🇮🇱 &amp; History📚,https://reddit.com/r/Israel/comments/1kt32lb/resistance_double_standards/,True,2025-05-22
israel,1kr6uv1,Why is the pro israeli voice so weak in the world ? (Long text incoming),"To begin with I'm an iraqi arab, i was born and
grew up in jordan, the country with the most
Palestinians.

I was always taught to stand with palestine
whether whether they are the bad or good side, in
arabic we have a slogan ""مع فلسطين ظالمة او مظلومة""
which translates to ""with palestine whether it is
the oppressor or the opressed"", i was taught that
Israel is a colonial settler state, and that all of
palestine belongs to Palestinians, a 2 state
solution is not enough, it should be 1 arab state
without any jew living there, I was taught that
anything jewish or even israeli is bad, the whole
idea of demonising anything related to jews, to
the point that people would get mad if u mention
the word jew, even defending non israeli jews was
a red line and I would get called a zionist or traitor
for it, SO you can imagine that even defending
normal jews or even defending holocaust victim
would get me in trouble, so imagine being openly
a zionist or pro israeli.

Although I was taught all of this, I never fully
believed the narrative, I always found the pro
palestine narrative fishy and suspicious, as I grew
up especially in the 2021 conflict I started to
learn more about the conflict, instead of learning
history of tge Conflict from the pro palestine
narrative on tiktok and instagram, I started
listening to the israeli narrative, and surprisingly I
Was convinced. I learned that Israel actually
wanted peace and accepted 2 state solution
despite arab hostility, and the fact that arabs
'Palestinians"" actually tried to eliminate tge jews
with the help of nazi Germany, mufti amine al
husseini visited concentration camps for a
reason, he incited violence and hatred against
Jews of the middle east while living in nazi
germany for 5 years for a reason, jews getting
mass slaughtered and expelled in the Middle East
and north africa (especially in my country iraq)
even before the establishment of the state of
israel also happened for a reason, and then I even
looked at the history of of jews in the Middle East
even before zionism was even a thing, and in
every single muslim country jews were
persecuted, startinh from the very beginning
When Prophet Muhammad, the Prophet of Islam,
besieged the Jews of Banu Qurayza and forced
them to withdraw, he then ordered the execution
of all the adult males and the capture of the
women and children, the breaking point to me
was when I heard the [horrible hadith]( . So the whole narrative of pro palestine voice about Muslims and jews living in peace before zionism was a lie, and here is the [list]( of massacres and pogroms committed by muslims and arabs against Jews.

Saying all of this, I'm quite surprised that the pro palestine narrative is actually working on people, most westerners especially genaration z learned about this conflict from tiktok and instagram activism, they have 0 idea about how things in the Middle East work, or how the muslim world thinks, they believe life is rainbow and colourful and that people in the islamic world are all peaceful and good people but israel and western imperialist came to destroy them, which is absolutely not the case, for example I can't say my opinion about a lot of stuff in muslim countries because I'm afraid of persecution by the society before the government. 

Now the question is, why the pro israel voice so weak and unheard like the pro palestine voice, I've seen bunch of anti israel videos on tiktok, YouTube and even instagram with millions of views, and as an unbiased arab who knows and understands the history of te region, I was able to tell that most of what they say is absolute misinformation, without evidence, twisted words that lack context, I'm not a famous person to respond to these arguments, but where are the pro israel voices?? In spanish speaking countries pro Palestinians are spreading misinformation without anyone even responding to them, same with Portugal and Brazil, a blonde spoiled Brazilian tiktoker with over 1 million followers called ""giovanetti martini"" is spewing absolute lies about israel and is getting tons of likes, without anyone debunking the bullshit she is saying, they always lied about zionist or jews controlling the media, but that's not the case I'm seeing, it's actually the absolute opposite.

Where is the pro israeli activism?? Why no one is trying to do anything about the lies getting told about israel?? As pro israelis we shouldn't be afraid of anything, we have arguments backed up by documented evidence so what are we afraid of???",545,0.88,120,2025-05-20 14:53:14+00:00,kudokun1412,Iraq,Ask The Sub ,https://reddit.com/r/Israel/comments/1kr6uv1/why_is_the_pro_israeli_voice_so_weak_in_the_world/,True,2025-05-20
israel,1knx3n4,Trump’s Middle East trip leaves Netanyahu watching from the sidelines again | CNN,,105,0.83,64,2025-05-16 10:03:47+00:00,luigirovatti3,,General News/Politics,https://reddit.com/r/Israel/comments/1knx3n4/trumps_middle_east_trip_leaves_netanyahu_watching/,False,2025-05-16
israel,1kkykeu,"Hi, I'm Michael Koplow, a policy expert on the Israeli-Palestinian conflict. Ask Me Anything.","Hi, my name is Michael Koplow, and I’m the chief policy officer of Israel Policy Forum. Our mission is to elevate the public discourse around the Israeli-Palestinian conflict through credible policy analysis, recommendations, and educational resources, and advance pragmatic U.S. policies to ensure a secure, Jewish, and democratic Israel. 

I also serve as a senior research fellow of the Kogod Research Center at the Shalom Hartman Institute of North America. I have a Ph.D. in Government from Georgetown University, where I specialized in political development and ideology, and the politics of Middle Eastern states. In addition, I hold a B.A. from Brandeis University, a J.D. from New York University, and a Masters in Middle Eastern Studies from Harvard University.

In my weekly column, The Koplow Column, I write about the Israel-Palestinian conflict, U.S.-Israel relations, Israeli politics, American foreign policy in the Middle East, and the American Jewish community, and have published op-eds in the New York Times, the Wall Street Journal, TIME,  the Atlantic, Foreign Affairs, Foreign Policy, and the Forward, among other publications.

At Israel Policy Forum, my colleagues and I have published reports on a day-after plan for Gaza, reforming the Palestinian Authority to address their serious flaws and provide a viable alternative to Hamas, how to leverage Israel’s regional integration, and recommendations for U.S. policy on West Bank settlements, to name a few.

This is my first AMA. Happy to answer questions about any of the above topics or other issues related to the Israeli-Palestinian conflict.

>Thanks all! Sorry I didn't get to all of the questions over 90 minutes, but did my best to answer as many (and comprehensively) as I could!",238,0.9,119,2025-05-12 17:32:39+00:00,IsraelPolicyForum,,Approved AMA,https://reddit.com/r/Israel/comments/1kkykeu/hi_im_michael_koplow_a_policy_expert_on_the/,True,2025-05-12
israel,1kgyx7x,The scales have fallen from my eyes,"Hello. I am new to this sub. I am not sure if this post will be taken down so if I have offended anyone please bear with me.

I feel ashamed to admit that I have been misled by pro-Palestine propaganda in the past. I am sure that last year I might have agreed with other people that Hamas terrorists are 'freedom fighters'. Recently, I decided to get out of the echo chamber and listen to the other side. The comparisons between the Jewish state of Israel and apartheid South Africa seem ridiculous to me now. My country has undergone colonialism and a milder form of apartheid in the past, so last year these comparisons really tugged at my heart strings.

And I was a bit ashamed to see how I had been misled to support what is essentially an Islamist group seeking to wipe out the Israeli Jews. I noticed all those comments on social media calling Israel, 'Isn'treal' and began to realise this isn't about fighting against real oppression. People deflecting questions about Hamas, about the ties with the Muslim Brotherhood and branding them as 'freedom fighters' who have a 'right' to defend themselves. People conveniently ignoring the fact Hamas would gladly sacrifice the people it claims to fight for. All those weird videos of people comparing what 'indigenous' people look like versus what those 'European' settlers look like.

It's about cleansing the region of Jews to establish what they think a state in the Middle East should be. A land without Jews. I have realised that things aren't so black and white anymore.

Being anti-Zionist is being anti-semitic. The Jews deserve to have their own homeland. A safe haven to run to if history risks repeating itself.

I feel the need to clarify that I am not a Christian. I do not believe that the Jews are God's chosen people(I hope that doesn't offend people).

But I feel great empathy, sympathy and respect for a people that have been scapegoated for almost every evil thing under the sun and despite it all, persevered to be the great nation it is today.

I finally see it. My sympathies are with the victims on both sides of violence. I hope that Palestine finally realises that Israel is not going anywhere. One can only hope.

Also I wanted to ask for book recommendations on the history of Israel. I look forward to having mind-opening conversations with you all. Thank you for your time.

EDIT: I appreciate all your comments. I won't have time to reply to all of them. But thank you for the warm response! Especially the recommendations! May you all prosper!",613,0.91,92,2025-05-07 14:36:16+00:00,ProfileIndividual813,,The War - Discussion,https://reddit.com/r/Israel/comments/1kgyx7x/the_scales_have_fallen_from_my_eyes/,True,2025-05-07
israel,1kcdfaq,"My dear friends in the Middle East, Happy Independence Day!","Happy 77 years, my dear friends in the Middle East! I hope it isn’t too late to wish you! 
Stay strong! Y’all have India’s support always. 

We’re praying for a quick turnaround amid the fires in Jerusalem. 

Shalom. 🇮🇳 🇮🇱",208,0.91,12,2025-05-01 16:45:43+00:00,yamheisenberg,India,General News/Politics,https://reddit.com/r/Israel/comments/1kcdfaq/my_dear_friends_in_the_middle_east_happy/,True,2025-05-01
israel,1kbtoba,Will I be welcome as an Irish person in Israel as a tourist?,"Been in this subs good while and, while many Irish people disagree with me, I’m not opposed to Israel. I realise how complex the situation is and how the media can portray anyone in anyway if they wish.

I would like to visit Israel as the country and region has always interested me (I have travelled to other parts of the Middle East before too).

Would I be welcomed as a tourist or am I likely to face hostility as an Irish person? I would be travelling solo so would be hoping to visit bars by myself, listen to music and talk to people to learn more about your country as I feel that is the best way to learn (as opposed to the media) but would people be unfriendly if they discovered my nationality?",216,0.86,112,2025-04-30 22:45:35+00:00,ZealousidealFloor2,,Travel &amp; tourism✈️,https://reddit.com/r/Israel/comments/1kbtoba/will_i_be_welcome_as_an_irish_person_in_israel_as/,True,2025-04-30
israel,1k7v21a,"""Israel is the ONLY democracy in the Middle East.""?","A statement that has been frequently used by American conservatives in order to justify the strong political and financial support of Israel(God bless). 
I've always wanted to know two things
A) How do Israeli people view themselves and do they believe it?
B) Should this justify another democracy to support them?
They're way ahead of other countries in the region 
Both technologically and morally 
Just to let you know I'm from the middle east and if the government here(Iran) finds out I'm a Zionist I'll be facing jail time or even death. So definitely I don't live a democracy although it's called a ""republic"".",204,0.93,36,2025-04-25 20:30:40+00:00,P0IS0N_GOD,,Ask The Sub ,https://reddit.com/r/Israel/comments/1k7v21a/israel_is_the_only_democracy_in_the_middle_east/,False,2025-04-25
israel,1k6utgh,Travel between Egypt and Israel,"I’m at the early stages of planning a trip to the Middle East, namely Cairo (for the ancient Egyptology) and Tel Aviv. 

What is the easiest way to travel between these two cities? My internet research is showing me conflicting results: some say there are many flights between Cairo and Tel Aviv every week, while others say you’d have to fly in/out of Sharm El-Sheikh. Supposedly, El Al flies to Egypt, but I can’t find any actual flights. Is driving through Sinai even an option considering the current geopolitical climate?

I’m traveling with an American passport, if that makes any difference.",12,0.87,12,2025-04-24 15:18:00+00:00,AppropriateFun6342,,Ask The Sub ,https://reddit.com/r/Israel/comments/1k6utgh/travel_between_egypt_and_israel/,True,2025-04-24
israel,1k52814,Questin,"Hello there, I'm ugurkan. I was born in Turkey, I moved to New York City in 2023 and I made Jewish friends here and I was curious about their culture, I wanted to ask you one of the questions that stuck in my mind, this question may seem stupid to you, as far as I know Jews do not marry outside of themselves, and if they do or if they have a child in this way, this person is not considered a Jew, so how did most Jews become blonde in this case, because Jews were a tribe living in the Middle East",0,0.48,20,2025-04-22 09:36:43+00:00,Facker55,,Culture🇮🇱 &amp; History📚,https://reddit.com/r/Israel/comments/1k52814/questin/,True,2025-04-22
israel,1k49v49,Question for Israeli Christians,"I’ve been seeing so much propaganda floating around by a few Christian antisemites who are trying to prove that Israel “oppresses” Christians and is limiting them from praying or participating in any Easter activities. As far as I’m aware, Israel is the only country in the Middle East with a growing Christian population, and countless different Christian denominations are freely and openly practicing their faith. My question to you is how have you have felt as a Christian in Israel both before and after October 7th, and do you think things have changed for you since then? Also happy Easter to all who celebrate!",116,0.9,62,2025-04-21 10:02:40+00:00,dean71004,American Jewish Zionist,Ask The Sub ,https://reddit.com/r/Israel/comments/1k49v49/question_for_israeli_christians/,True,2025-04-21
israel,1k1w8ac,Israel is widely misunderstood and hated in Bangladesh and I'm working to change it.,"I am a Bangladeshi Zionist. Yeah, you read that right!

I'm sure many of you read about the huge anti-Israel protest in Bangladesh a few days ago. It was not only a solidarity march for ""palestine"" but also a hate filled demonstration against Israel and America. During the demonstration many branches of KFC, Pizza Hut and even a shoe company called BATA were vandalized (In Bangladesh there are rumors that these companies funds the IDF, ik it sounds ridiculous! Well, words from Columbia spread fast! What can anyone do about it!)

In Bangladeshi passport, there was a phrase before:

""This passport is valid for all countries except Israel""

A few years back, it was removed.

After the protest that is reinstated again.

Just a few lines about the Bangladeshi society and politics. Currently Nobel laureate Dr. Yunus is the head of the government after the removal of a dictator in last July. But in the political spectrum of Bangladesh, according to all political party Israel is not a good player, they are bad(If a single person, let alone a political party sides with Israel, he will surely be lynched. Yeah, it's that bad)

Even though Israel was one of the first country to recognize Bangladesh as an independent country after its independence in 1971, people here hate Israel from the core! (Yeah, we are that ungrateful). Definitely motivated by the jew hatred in Islam.

As I mentioned above, after the uprising and overthrowing of the last authoritarian government, the law and order loosened. There is a reason, during the uprising, the dictator used police to open fire onto the protestors. As a result, more than a thousand people died and tens of thousands were injured. So, currently, police has no morale, so the law and order situation is not that great. And, islamists are taking this chance. They are posing a significant influence over the society.

The general consensus is, Israel is the worst country in the world and 99% people basically empathize and champion hamas!

Now, there is a glimmer of hope. I am an atheist and a Zionist. After the 7th, I was one of the voices that constantly talked about the reason of this war and showed evidence, videos, data in my podcast. I talk about geo politics and middle east in general. I give people the counter narrative that they barely knew as the mainstream media here champion hamas as well. To my surprise, I saw many people who understood! Who sympathized with Israel and they seem to understand Israel's right to defend herself. (I have posted about this and my podcast before).

I do 2/3 podcasts a week and people basically come and join in the podcast and wants to know and debate about this war.

There was an interesting case. A guy joined in the podcast and was dropping the usual hamas talking points. I talked with him for quite a long time on air, showed him evidence and gave him logics. After a few days, he started following me on social media and then there was a change. He could see through the hamas smokescreen! To my surprise, there are many like him during this year and a half of me doing this podcast.

I also run a Facebook page where I regularly post updates and relevant pictures and videos regarding this war and Israel among other things.

I have to mention, it's not only me. The ex-muslim movement in Bangladesh is pretty big. There are prominent atheists who have quite a following in social media and in real life. We regularly do podcasts, make videos and try to create a buzz. We point out the falsehood of religion, the violence and the politics behind it. I am just a part of that movement. But I am the go to guy when it comes to Israel or ""palestine"". (Ofc, none of us are in Bangladesh. We would have been killed if we were. But we do it from overseas, make people aware of the bad side of Islamism and other political stuffs from our lived experience).

Many days ago, I posted here telling you guys about my podcast and the journey. I got overwhelmingly loving response. The thing is, Jews are minority in the world. And historically they are among the most persecuted people in the world. And as an atheist, we are also minority in Bangladesh. Many of or our predecessors and fellow atheists were hacked to death just for leaving the religion and opposing it's dangerous teachings. Idk, maybe from that connection, I feel the obligation to educate the tremendously un/undereducated people of my country. (I didn't mean we faced persecution and jews did too, so we are the same. Jews faced unimaginable violence and persecution throughout history. We are facing nothing in comparison. I meant, we faced and are still facing the oppression from the overwhelmingly muslim population and the establishment. We can't even visit our family in Bangladesh. If we go back, we will get killed. It happened before. So, we are basically unwanted and barred from our own soil).

I don't know if we can change a lot of people and make people aware of actual facts. But I am sure as hell that we can change a significant number of people. The sad part of is none of the Bangladeshi people ever met any Jews in their lifetime, yet they hate them the most!

Just one thing, if any of you guys are interested to come to my podcast and talk, you are more than welcome! People really need to see jews are not aliens, they are human with kind heart, just like them!

Thank you everyone. Be resilient and keep inspiring!",121,1.0,17,2025-04-18 04:15:57+00:00,GodButcherAura,,The War - Discussion,https://reddit.com/r/Israel/comments/1k1w8ac/israel_is_widely_misunderstood_and_hated_in/,True,2025-04-18
israel,1l5pdjr,"Iran claims it stole thousands of Israeli intel. materials, including nuclear docs. - report",,146,0.93,38,2025-06-07 16:50:44+00:00,BagelandShmear48,Israel,General News/Politics,https://reddit.com/r/Israel/comments/1l5pdjr/iran_claims_it_stole_thousands_of_israeli_intel/,False,2025-06-07
israel,1l2aukb,How effective will a military strike by Israel and/or the US be in destroying Iran's nuclear program?,"Over the past few weeks there has been alot of intensive discussion about the talks between the US and Iran on a new nuclear deal. There has been alot of debate on this, with many feeling that the talks are a waste of time and will only lead to a bad deal that can't be enforced. However, I am personally interested in discussion about the other option; the military strike. Alot of people have argued that a military strike is the best option to deal with Iran's nuclear program. With this in mind, I find this article (which I came across just recently) to be an interesting overview on this topic:

[Military strikes are unlikely to permanently destroy Iran’s nuclear program - Times of Israel](

The article above argues that a military strike by Israel and/or the US on Iran's nuclear program won't be fully effective in dealing with Iran's nuclear program because Iran already possesses the expertise in building and using various technologies such as the centrifuges, meaning even if a strike destroys Iran's nuclear facilities, it will only delay Iran's nuclear program by a couple years as Iran will simply rebuild what was destroyed. The article argues the only way to ensure this doesn't happen is to ensure there is a regime change and/or foreign occupation of Iran. On top of that, the article argues that Iran is developing the capability to build its nuclear program underground, meaning that if a strike destroys its nuclear facilities, Iran can simply build it underground such that not even a strike by the US can seriously damage it. Also, the article argues that Iran will retaliate by expelling IAEA inspectors, making it difficult to determine what is going on in Iran's nuclear facilities. 

With this in mind, I am interested to know what people think about the military strike option? Do you think its still the most effective method in dealing with Iran's nuclear program? Do you have counterarguments to the above arguments? Overall, between a military strike and a negotiated nuclear deal, which option would you say is in Israel's best interest in terms of dealing with Iran's nuclear program?",48,0.85,24,2025-06-03 12:40:19+00:00,Throwthat84756,,Ask The Sub ,https://reddit.com/r/Israel/comments/1l2aukb/how_effective_will_a_military_strike_by_israel/,True,2025-06-03
israel,1l20kur,Israel needs the Hyunmoo V,"Hyunmoo is a South Korean ballistic missile that can drill down more than 100 meters, specifically designed for Kim’s underground fortresses. It’s crazy to me that Israel, a country at similar mortal peril and at least as ingenious, that has always prided itself in relying on its own independence, is begging trump to be the savior of the Jewish people against Iran. Total failure to not have an independent means of destroying their nuclear facilities",42,0.84,19,2025-06-03 02:21:46+00:00,No_Calligrapher7615,,The War - Discussion,https://reddit.com/r/Israel/comments/1l20kur/israel_needs_the_hyunmoo_v/,True,2025-06-03
israel,1l057cu,"Iran is very close to creating nuclear bombs, does anyone else feels genuine concern or fear?","I don't usually watch the news as its always depressing, especially channel 12, but I did watched the news today and after hearing that Iran has enough enriched Uranium to create 10 bombs , I felt genuine concern. 

I really hope someone will stop this. 

There is no logical timeline where radical Islam, especially one that aims to destroy Israel, has nuclear bombs. 

This should not be allowed. 

What do you think? What will happened if they do create such bombs , and god forbid attack Israel with these bombs?",168,0.88,99,2025-05-31 19:20:02+00:00,-Cells-Interlinked-,,The War - Discussion,https://reddit.com/r/Israel/comments/1l057cu/iran_is_very_close_to_creating_nuclear_bombs_does/,True,2025-05-31
israel,1ky5e4u,US and Iran nuclear deal could be sealed at next meeting: Report,,28,0.89,12,2025-05-29 08:17:11+00:00,Prudent_Cry_9951,,General News/Politics,https://reddit.com/r/Israel/comments/1ky5e4u/us_and_iran_nuclear_deal_could_be_sealed_at_next/,False,2025-05-29
israel,1kxcjnu,Israel plans Iran attack even if Trump reaches nuclear deal: Report,,107,0.94,41,2025-05-28 09:14:25+00:00,Prudent_Cry_9951,,The War - Discussion,https://reddit.com/r/Israel/comments/1kxcjnu/israel_plans_iran_attack_even_if_trump_reaches/,False,2025-05-28
israel,1ktqo2b,Situtation in Israel,"I’ve been seeing many news articles saying that Israel is likely to strike Iran if nuclear talks with the U.S. fail, and virtually every night there are widespread sirens in the Mercaz from the Houthis. I am planning to visit there this summer (staying in Jerusalem) after moving away when I was 9 years old, and I was wondering: is the situation likely to be as it is now, and if Israel does strike Iran, how long would it take Iran to retaliate? If I stay there for two weeks late July, should I expect it to be as it is now? I know there’s no way to predict it but what seems most likely?",5,0.59,13,2025-05-23 18:20:32+00:00,_brake_flake,Israel,Ask The Sub ,https://reddit.com/r/Israel/comments/1ktqo2b/situtation_in_israel/,True,2025-05-23
israel,1k0zawz,Trump waved off planned Israeli strike on Iran in favor of nuclear talks — NYT,"The original NYT report is wild. It states that Netanyahu favored an Israeli commando operation combined with an American and Israeli bombing campaign, but evolved into a pure air strike approach due to the ground component not being ready for execution for several more months. He wanted to attack in May. The goal was to set back Irans program at least a year. The American administration was unclear on how much damage Israel could do, particularly without US involvement.",111,0.96,41,2025-04-16 23:59:52+00:00,No_Calligrapher7615,,The War - Discussion,https://reddit.com/r/Israel/comments/1k0zawz/trump_waved_off_planned_israeli_strike_on_iran_in/,False,2025-04-16
israel,1kvlmt8,What cities should my family and I visit in Israel?,"From Canada here. My family is a HUGE supporter of Israel, especially my dad. We're not even Jews nor have any connections to Israel. Now, we were planning future trips and someone suggested Israel, and most of my family members expressed interest. I am honestly indifferent to the geopolitical issue but I can't say no to travelling, and Israel sounds like an interesting country.

Anyways, we want to see Jerusalem and Tel Aviv. Where should we go next if we want to go for 2 weeks, say December? How about if we were to go in the summer time (between June and August)?",55,0.83,26,2025-05-26 04:31:31+00:00,MaterMisericordiae23,,Travel &amp; tourism✈️,https://reddit.com/r/Israel/comments/1kvlmt8/what_cities_should_my_family_and_i_visit_in_israel/,True,2025-05-26
israel,1klqvqv,Imagine an alternate reality where the British never left. What would life be like here today?,"As someone who has lived here for over 10 years now, I know embarrassingly little about day-to-day life and the political realities of the British mandate. 

That said, I’m curious what the sub thinks life and greater Middle Eastern geopolitics would be like if the British governance still stood in 2025.",11,0.66,27,2025-05-13 16:48:22+00:00,LowkeyShtuyot,,Ask The Sub ,https://reddit.com/r/Israel/comments/1klqvqv/imagine_an_alternate_reality_where_the_british/,True,2025-05-13
middleeast,1l0pp4q,"Muhammad Sinwar, a Top Military Leader of Hamas and Brother of Hamas Leader Yahya Sinwar who was killed last year, Is Dead, Israel Says",,10,0.91,0,2025-06-01 14:02:13+00:00,Barch3,,,https://reddit.com/r/MiddleEast/comments/1l0pp4q/muhammad_sinwar_a_top_military_leader_of_hamas/,False,2025-06-01
middleeast,1kxjhvf,Netanyahu says Israel killed elusive Hamas leader Mohammed Sinwar in recent Gaza strike,,8,0.84,1,2025-05-28 15:07:26+00:00,Barch3,,News,https://reddit.com/r/MiddleEast/comments/1kxjhvf/netanyahu_says_israel_killed_elusive_hamas_leader/,False,2025-05-28
middleeast,1kxh0w9,"The Flashing Signals That I Just Saw in Israel, by Thomas L. Friedman",,1,1.0,0,2025-05-28 13:25:05+00:00,Barch3,,,https://reddit.com/r/MiddleEast/comments/1kxh0w9/the_flashing_signals_that_i_just_saw_in_israel_by/,False,2025-05-28
middleeast,1kxgt72,Israel Plans Iran Attack Even if Trump Reaches Nuclear Deal: Report,,1,1.0,0,2025-05-28 13:15:42+00:00,Barch3,,,https://reddit.com/r/MiddleEast/comments/1kxgt72/israel_plans_iran_attack_even_if_trump_reaches/,False,2025-05-28
middleeast,1ksf4ze,Israel preparing to strike Iran fast if Trump's nuclear talks break down,,4,1.0,1,2025-05-22 01:48:06+00:00,Hades_adhbik,,,https://reddit.com/r/MiddleEast/comments/1ksf4ze/israel_preparing_to_strike_iran_fast_if_trumps/,False,2025-05-22
middleeast,1kpxfaq,Israel Resumes Humanitarian Aid Transfers to Gaza Amid Ongoing Conflict,,2,1.0,1,2025-05-18 23:22:51+00:00,ZGM_Dazzling,,News,https://reddit.com/r/MiddleEast/comments/1kpxfaq/israel_resumes_humanitarian_aid_transfers_to_gaza/,False,2025-05-18
middleeast,1kg9zy6,Israel says it has ‘fully’ disabled Yemen’s main airport in escalating strikes on Iran-backed Houthi rebels,,1,0.67,0,2025-05-06 17:14:02+00:00,Barch3,,,https://reddit.com/r/MiddleEast/comments/1kg9zy6/israel_says_it_has_fully_disabled_yemens_main/,False,2025-05-06
middleeast,1kfxosb,"Israel approves plan to seize all of Gaza and hold it indefinitely, officials say",,1,1.0,1,2025-05-06 06:21:08+00:00,Hades_adhbik,,,https://reddit.com/r/MiddleEast/comments/1kfxosb/israel_approves_plan_to_seize_all_of_gaza_and/,False,2025-05-06
middleeast,1kem9l1,Houthi missile launch halts flights at Israel's main airport. A missile launched by Iranian-backed rebels in Yemen on Sunday briefly halted flights and commuter traffic at Israel's main international airport.,,2,1.0,0,2025-05-04 15:19:12+00:00,Barch3,,News,https://reddit.com/r/MiddleEast/comments/1kem9l1/houthi_missile_launch_halts_flights_at_israels/,False,2025-05-04
middleeast,1kdxjsb,Israel strikes near Syria's presidential palace in 'message' to new leader Sharaa,,1,1.0,0,2025-05-03 16:56:23+00:00,Strongbow85,,News,https://reddit.com/r/MiddleEast/comments/1kdxjsb/israel_strikes_near_syrias_presidential_palace_in/,False,2025-05-03
middleeast,1k5vz54,Israel prepares for Iran missile strike,,1,1.0,0,2025-04-23 10:39:54+00:00,Prudent_Cry_9951,,News,https://reddit.com/r/MiddleEast/comments/1k5vz54/israel_prepares_for_iran_missile_strike/,False,2025-04-23
middleeast,1k4z6id,US bolsters Israel with airlift amid regional threats,,2,1.0,0,2025-04-22 05:57:06+00:00,Prudent_Cry_9951,,News,https://reddit.com/r/MiddleEast/comments/1k4z6id/us_bolsters_israel_with_airlift_amid_regional/,False,2025-04-22
middleeast,1k4btn7,US bolsters Israel with airlift amid regional threats,,1,1.0,0,2025-04-21 12:03:30+00:00,Prudent_Cry_9951,,News,https://reddit.com/r/MiddleEast/comments/1k4btn7/us_bolsters_israel_with_airlift_amid_regional/,False,2025-04-21
middleeast,1k2s8kj,Hamas calls for pressure to end Israel's aid block on Gaza,,2,1.0,0,2025-04-19 09:13:20+00:00,bahar9990,,News,https://reddit.com/r/MiddleEast/comments/1k2s8kj/hamas_calls_for_pressure_to_end_israels_aid_block/,False,2025-04-19
middleeast,1l70xqq,Anyone knows any good clinics for Adult ADHD diagnosis?,"Does anyone have any good experience with a clinic anywhere in the Middle East that were able to diagnose them with ADHD and hopefully medicate? I am really struggling to find any good clinic

I’ve had a previous experience where the specialist overlooked a lot of my symptoms and said it was due to depression, (which for context, its not, its been here since childhood)",1,1.0,0,2025-06-09 10:06:30+00:00,Fit-Homework3362,,Other,https://reddit.com/r/MiddleEast/comments/1l70xqq/anyone_knows_any_good_clinics_for_adult_adhd/,True,2025-06-09
middleeast,1l3hw9m,Arab-Americans please read!,"Hello,

My name is Myrna Kordab. I am a Lebanese/Syrian American and a doctoral student in Clinical Psychology at The Chicago School. I’m currently conducting research for my dissertation, which explores how cultural differences between second-generation Arab Americans and their parents may affect family support and conflict.

If you’re a second-generation Arab American (meaning you were born in the U.S. and have two parents who immigrated from an Arab country), I would greatly appreciate it if you could take a few minutes to complete my anonymous survey. It takes about 10 minutes, and your responses will help improve our understanding of Arab American family dynamics and support culturally sensitive mental health practices!

A donation will be made to children living in the Middle East for every completed survey :)",3,1.0,0,2025-06-04 21:38:34+00:00,Myrna971,,,https://reddit.com/r/MiddleEast/comments/1l3hw9m/arabamericans_please_read/,True,2025-06-04
middleeast,1kzwij9,Qatar Cinematic Film,Finally got around to uploading this video from my week in Qatar. Would be interested to know how Qatar ranks amongst other cities in the Middle East for you as a travel destination,1,1.0,0,2025-05-31 12:59:20+00:00,brodieknibbs29,,Video,https://reddit.com/r/MiddleEast/comments/1kzwij9/qatar_cinematic_film/,False,2025-05-31
middleeast,1kplq5s,Trump: Iran is the Biggest Threat in the Middle East,"In a new interview, Trump said, ""Iran is the main cause of instability in the region.""
Amid rising tensions between Washington and Tehran, are Trump’s statements a prelude to a new military action?
Or just an election stunt to attract conservatives?
Share your analysis with us.",6,1.0,4,2025-05-18 14:49:29+00:00,zahrashahbar177,,News,https://reddit.com/r/MiddleEast/comments/1kplq5s/trump_iran_is_the_biggest_threat_in_the_middle/,False,2025-05-18
middleeast,1kotyqw,How the Middle East Became Arab?,,2,1.0,0,2025-05-17 14:13:15+00:00,eastwesteagle,,Video,https://reddit.com/r/MiddleEast/comments/1kotyqw/how_the_middle_east_became_arab/,False,2025-05-17
middleeast,1knw8j2,Donald Trump's Middle East tour: Five things we learned,,1,1.0,0,2025-05-16 09:02:48+00:00,Prudent_Cry_9951,,,https://reddit.com/r/MiddleEast/comments/1knw8j2/donald_trumps_middle_east_tour_five_things_we/,False,2025-05-16
middleeast,1kd4x8k,Trump's Middle East business surge prompts conflict of interest attacks from critics,,2,1.0,0,2025-05-02 16:14:11+00:00,Prudent_Cry_9951,,News,https://reddit.com/r/MiddleEast/comments/1kd4x8k/trumps_middle_east_business_surge_prompts/,False,2025-05-02
middleeast,1ka6i26,Jewelry from Middle East,"Hello everyone,

I could really use your help.
I have a rather unique piece of jewelry — originally a ring — which is decorated with what looks like runic inscriptions.
However, I haven’t been able to figure out which language or specific alphabet it comes from. I’m also not sure if it’s an authentic runic script, a specific ASB (ancient script system?), or just runic-inspired designs.

I’m wondering if anyone here is familiar with runes, ancient alphabets, or old jewelry and could help me identify the ring and the meaning of the inscriptions.

Thanks a lot in advance for your help!",1,1.0,0,2025-04-28 21:01:55+00:00,BigWhale1017,,Other,https://reddit.com/r/MiddleEast/comments/1ka6i26/jewelry_from_middle_east/,False,2025-04-28
middleeast,1k61pjd,Stakes high for Trump in Middle East trip,,1,1.0,1,2025-04-23 15:15:51+00:00,Prudent_Cry_9951,,News,https://reddit.com/r/MiddleEast/comments/1k61pjd/stakes_high_for_trump_in_middle_east_trip/,False,2025-04-23
middleeast,1k07j0g,"What languages (which are not Arabic, Turkish, Persian, Hebrew) are there?","Hi, 
I’m wondering what other currently still practicing languages are there in the Middle East (for the purpose of this post everything from Egypt to Turkey/Armenia on the north and Iran in the east) and their brief history, people who speak them and how many? I know there are different version of Kurdish language, how many of them are there though and how mutually intelligible they are? What about Aramaic/Neo Aramaic languages? 

Most sources have information only about main 4 and I want to learn about minor languages, please share as much info as possible about all languages you know:)
Thanks",1,1.0,3,2025-04-16 00:30:31+00:00,EaseElectronic2287,,Other,https://reddit.com/r/MiddleEast/comments/1k07j0g/what_languages_which_are_not_arabic_turkish/,True,2025-04-16
middleeast,1l3utz1,The 2025 Iran Nuclear Proposal: Diplomacy at a Crossroads,"The U.S. under Trump has proposed a new nuclear deal to limit Iran’s uranium enrichment to 3%, set up a regional consortium (with the U.S., UAE, and Saudi Arabia) to manage enrichment offshore, and eventually have Iran halt all domestic enrichment. The plan also included vague promises of sanctions relief and nuclear energy support.

Iran’s Supreme Leader Khamenei rejected the deal outright, calling enrichment a red line and vital for national self-reliance. Iran is open to a consortium—but only if it's on Iranian soil (like Kish or Qeshm islands). Talks are now deadlocked.",1,1.0,0,2025-06-05 09:27:59+00:00,Top-Secret-3470,,News,https://reddit.com/r/MiddleEast/comments/1l3utz1/the_2025_iran_nuclear_proposal_diplomacy_at_a/,False,2025-06-05
middleeast,1l35wrv,Iran’s Supreme Leader Calls U.S. Nuclear Deal Proposal ‘Nonsense’,,2,1.0,0,2025-06-04 13:43:24+00:00,Barch3,,,https://reddit.com/r/MiddleEast/comments/1l35wrv/irans_supreme_leader_calls_us_nuclear_deal/,False,2025-06-04
middleeast,1l0b7gh,Damning IAEA report spells out past secret nuclear activities in Iran,,1,1.0,0,2025-05-31 23:53:07+00:00,Barch3,,,https://reddit.com/r/MiddleEast/comments/1l0b7gh/damning_iaea_report_spells_out_past_secret/,False,2025-05-31
middleeast,1knfc97,Trump says US is ‘very close’ to a nuclear deal after Iran ‘agreed’ to its terms,,1,0.67,0,2025-05-15 18:19:39+00:00,Barch3,,,https://reddit.com/r/MiddleEast/comments/1knfc97/trump_says_us_is_very_close_to_a_nuclear_deal/,False,2025-05-15
middleeast,1k4dbhw,"Iran, US task experts with framework for a nuclear deal after 'progress' in talks",,2,1.0,0,2025-04-21 13:18:51+00:00,Barch3,,News,https://reddit.com/r/MiddleEast/comments/1k4dbhw/iran_us_task_experts_with_framework_for_a_nuclear/,False,2025-04-21
middleeast,1k1cpor,Trump Waved Off Israeli Strike on Iran’s Nuclear Facilities After Divisions Emerged in His Administration,,1,0.67,2,2025-04-17 13:24:49+00:00,Barch3,,,https://reddit.com/r/MiddleEast/comments/1k1cpor/trump_waved_off_israeli_strike_on_irans_nuclear/,False,2025-04-17
middleeast,1k0in16,Iran defies Trump as he raises nuclear stakes,,1,1.0,0,2025-04-16 12:00:09+00:00,Prudent_Cry_9951,,News,https://reddit.com/r/MiddleEast/comments/1k0in16/iran_defies_trump_as_he_raises_nuclear_stakes/,False,2025-04-16
